{
  "initialization_time_control": 0.13987016677856445,
  "execution_time_control": 68.1920862197876,
  "total_time": 68.33195638656616
}