{
  "initialization_time_control": 0.11321759223937988,
  "execution_time_control": 588.1656587123871,
  "total_time": 588.2788763046265
}