{
  "initialization_time_control": 0.14017462730407715,
  "execution_time_control": 268.07648229599,
  "total_time": 268.21665692329407
}