{
  "initialization_time_control": 0.14015841484069824,
  "execution_time_control": 94.74186420440674,
  "total_time": 94.88202261924744
}