{
  "initialization_time_control": 0.139845609664917,
  "execution_time_control": 1497.707573890686,
  "total_time": 1497.847419500351
}