{
  "initialization_time_control": 0.12196898460388184,
  "execution_time_control": 345.66097497940063,
  "total_time": 345.7829439640045
}