{
  "initialization_time_control": 0.13932466506958008,
  "execution_time_control": 101.92245531082153,
  "total_time": 102.06177997589111
}