{
  "parallel": {
    "slope": -0.003087326240962529,
    "R2": 0.12901358950095176,
    "n": 80182,
    "mean_dv_radial": -0.005013796639072465
  },
  "antiparallel": {
    "slope": -0.0034667879096440773,
    "R2": 0.06426453684191082,
    "n": 83748,
    "mean_dv_radial": -0.0023781831992035827
  },
  "orthogonal": {
    "slope": -0.0020375093474581875,
    "R2": 0.00379505836218189,
    "n": 72660,
    "mean_dv_radial": -0.0017602831020098813
  }
}