{
  "0.05": {
    "n_tracks": 1636,
    "n_steps": 14408,
    "levy_alpha": 1.8016636112712927,
    "kurtosis": 4.541322341454002
  },
  "0.1": {
    "n_tracks": 1386,
    "n_steps": 15608,
    "levy_alpha": 1.5200553593953043,
    "kurtosis": 10.508331585696496
  },
  "0.15": {
    "n_tracks": 1111,
    "n_steps": 16568,
    "levy_alpha": 1.2404214638803426,
    "kurtosis": 11.731973517189417
  }
}