{
  "r_mean_alpha_lifetime": 0.24068946679141198,
  "r_max_alpha_lifetime": 0.41924523657051466,
  "ks_D": 0.3665223665223665,
  "ks_p": 8.775026594625204e-42,
  "mean_lifetime_high_strain": 0.7914862914864714,
  "mean_lifetime_low_strain": 0.43463203463213346,
  "median_alpha_max": 0.8316238820552826
}