{
    "pearson_r": 0.010755128710623197,
    "p_value": 0.6740233874666303
}