{
    "power_law": {
        "popt": [
            2.9362929929420205,
            2.698899239582336e-13
        ],
        "aic": 84726.5536512753,
        "r2": -1.4876988529977098e-14
    },
    "screened": {
        "popt": [
            0.20184547989930243,
            945404.7615231348
        ],
        "aic": 89792.21650672237,
        "r2": -0.3474896243444543
    },
    "yukawa": {
        "popt": [
            0.004146645191393023,
            445670.08179311204
        ],
        "aic": 94966.2876818245,
        "r2": -0.8273544028798279
    }
}