{
  "power_law": {
    "params": [
      3.566754450508949,
      2.9328725221311914e-08
    ],
    "R2": -7.123701628586332e-11,
    "AIC": 42655.67897421205
  },
  "screened_exp": {
    "params": [
      0.30204356151739276,
      1684296.9139745138
    ],
    "R2": -0.22173875270314913,
    "AIC": 46010.08580615633
  },
  "yukawa": {
    "params": [
      0.011191915601670207,
      842151.124078668
    ],
    "R2": -0.6638362149075796,
    "AIC": 51183.02882308588
  }
}