{
    "kurtosis_dx": 10.27428999875062,
    "ks_stat_gaussian": 0.07184841776725437,
    "ks_p_gaussian": 8.268345866312361e-70,
    "levy_alpha": 1.6241847102165083,
    "levy_beta": 0.003917981983171824,
    "levy_loc": 0.00017881792815893638,
    "levy_scale": 0.00671774379856549,
    "msd_all_slope": 1.3155341617937069,
    "msd_all_H": 0.6577670808968534,
    "msd_all_R2": 0.9887975356316366,
    "msd_short_slope": 1.5536239065425366,
    "msd_short_H": 0.7768119532712683,
    "msd_short_R2": 0.9999770817123982
}