{
  "n_snapshots": 201,
  "mean_vortices_per_snap": 104.55223880597015,
  "n_long_tracks": 1386,
  "track_length_mean": 12.26118326118326,
  "track_length_max": 69,
  "kurtosis_dx": 10.508331585696496,
  "levy_alpha": 1.5200553593953043,
  "ks_gaussian_D": 0.0927211479428206,
  "ks_gaussian_p": 3.163970562313677e-117,
  "msd_slope": 1.2769734283860177,
  "hurst_exponent": 0.6384867141930088,
  "g_r_peak": 1.3339864920494342,
  "g_r_peak_r": 0.035,
  "force_slope": 0.0216052166856465,
  "force_R2": 0.001171730053572447,
  "best_model": "power_law",
  "model_results": {
    "power_law": {
      "params": [
        3.566754450508949,
        2.9328725221311914e-08
      ],
      "R2": -7.123701628586332e-11,
      "AIC": 42655.67897421205
    },
    "screened_exp": {
      "params": [
        0.30204356151739276,
        1684296.9139745138
      ],
      "R2": -0.22173875270314913,
      "AIC": 46010.08580615633
    },
    "yukawa": {
      "params": [
        0.011191915601670207,
        842151.124078668
      ],
      "R2": -0.6638362149075796,
      "AIC": 51183.02882308588
    }
  },
  "size_omega_exponent": 1.0385702056725228,
  "size_omega_R2": 0.9919026273001865,
  "lifetime_mean": 0.6130591630593024,
  "lifetime_exp_scale": 0.6130591630593024,
  "energy_spectrum_slope": -0.6254451237029407,
  "deform_lifetime_corr": -0.031755743829302366
}