{
    "beta": 1.0385702086699824,
    "R2": 0.9919026272149126,
    "pareto_b": 1.3169291819317577
}