{
  "drift_by_theta": {
    "anti-par": {
      "drift": [
        -0.18769287544799465,
        -0.026575393715210956,
        -0.00190509397807768,
        -0.00899658668955912,
        -0.014956340392904603,
        0.0010414423009895003,
        0.0028446663250716914,
        0.0007857720462754916,
        0.0025549564453497407,
        0.0033026124566332255,
        0.0022457614745426246
      ],
      "n": 25601,
      "mean_drift": -0.020668279924989524
    },
    "neg-perp": {
      "drift": [
        0.028509900765222196,
        -0.09596524554305369,
        -0.0425861097190371,
        0.005575678532114989,
        0.017871014576325214,
        0.01055778128683578,
        0.019499248841006955,
        -0.0007388472131874512,
        0.014378941012661683,
        0.007447954801115136,
        0.0027110383526435275
      ],
      "n": 16743,
      "mean_drift": -0.002976240391577523
    },
    "pos-perp": {
      "drift": [
        -0.13748451218825708,
        0.003983200550773606,
        0.026145793018892898,
        0.03410747083297282,
        0.006398571001972965,
        0.0013772805988461622,
        -0.006878190466617087,
        -0.00043437287886361305,
        0.008984846582521043,
        0.00846800014892763,
        0.0009122703248478277
      ],
      "n": 16306,
      "mean_drift": -0.004947240224907529
    },
    "parallel": {
      "drift": [
        0.049604650090595975,
        -7.012637868598131e-05,
        0.023199768784507392,
        6.239581042095813e-05,
        -0.013628320687359165,
        0.000699676595804526,
        0.0018695529596959852,
        0.007130666841225862,
        -0.005401222558281396,
        0.0027900680200956198,
        0.0015541206929306443
      ],
      "n": 24237,
      "mean_drift": 0.006164657288268221
    }
  },
  "dir_models": {
    "cos^0": {
      "params": [
        0.00031474737757715334,
        0.0018449796337798097
      ],
      "R2": 3.259602865846034e-06,
      "AIC": -180068.0259114206
    },
    "cos^1": {
      "params": [
        0.0008028134959433844,
        -0.0009607833321747442
      ],
      "R2": -5.614486852145717e-05,
      "AIC": -180063.41511767617
    },
    "cos^2": {
      "params": [
        0.0010387226040916367,
        -0.0034311540026881137
      ],
      "R2": -6.602380627973581e-05,
      "AIC": -180062.64837124248
    }
  }
}