{
  "n_tracks": 1066,
  "levy_alpha": 2.0,
  "kurtosis_dx": 4.553122478171147,
  "msd_slope": 1.2700874825409367,
  "hurst": 0.6350437412704684,
  "r_raw_alpha_lifetime": 0.049270793472428534,
  "r_norm_alpha_lifetime": 0.17391749319361835,
  "merger_fraction": 0.0,
  "n_mergers": 0,
  "mean_lifetime_raw": 0.7090056285177834,
  "mean_lifetime_norm": 21277.528367379608,
  "best_drift_model": "power_law",
  "best_dir_model": "cos^0",
  "drift_results": {
    "constant": {
      "params": [
        0.00483553175742634
      ],
      "R2": -4.440892098500626e-16,
      "AIC": -168.60939008985108
    },
    "power_law": {
      "params": [
        2.1150413614470997e-07,
        -3.8602043671879303
      ],
      "R2": 0.8537445141623496,
      "AIC": -203.13499547773094
    },
    "screened": {
      "params": [
        -0.0004834116421572913,
        0.0004903269935666605
      ],
      "R2": -0.18561386330924323,
      "AIC": -163.3744373870986
    }
  },
  "dir_model_results": {
    "cos^0": {
      "params": [
        0.00031474737757715334,
        0.0018449796337798097
      ],
      "R2": 3.259602865846034e-06,
      "AIC": -180068.0259114206
    },
    "cos^1": {
      "params": [
        0.0008028134959433844,
        -0.0009607833321747442
      ],
      "R2": -5.614486852145717e-05,
      "AIC": -180063.41511767617
    },
    "cos^2": {
      "params": [
        0.0010387226040916367,
        -0.0034311540026881137
      ],
      "R2": -6.602380627973581e-05,
      "AIC": -180062.64837124248
    }
  }
}