{
  "0.5": {
    "n_vortices": 169,
    "vol_fraction": 0.04501056671142578,
    "threshold": 19.531105041503906
  },
  "1.0": {
    "n_vortices": 139,
    "vol_fraction": 0.02439403533935547,
    "threshold": 27.58477020263672
  },
  "1.5": {
    "n_vortices": 109,
    "vol_fraction": 0.014248847961425781,
    "threshold": 35.63843536376953
  },
  "2.0": {
    "n_vortices": 73,
    "vol_fraction": 0.009256362915039062,
    "threshold": 43.692100524902344
  },
  "2.5": {
    "n_vortices": 48,
    "vol_fraction": 0.006588459014892578,
    "threshold": 51.745765686035156
  }
}